{
  "schema": "spear.edge.capture.v2",
  "version": "2.0",
  "request_provenance": {
    "reason": "manual",
    "source_node": null,
    "scan_plan": null,
    "priority": 50,
    "original_timestamp": 1767691083.5948858
  },
  "rf_configuration": {
    "center_freq_hz": 2250000000,
    "sample_rate_sps": 30000000,
    "rx_channel": 0,
    "bandwidth_hz": null,
    "gain_mode": "manual",
    "gain_db": 30.0,
    "sdr_driver": "bladerf",
    "sdr_serial": "f8d6fab6d4204ad496cc56cf185ec845",
    "sdr_label": null
  },
  "timing": {
    "system_time": 1767691129.4711342,
    "capture_timestamp": 1767691083.5948858,
    "duration_s": 2.2059328,
    "n_samples": 66177984,
    "gps_time": null,
    "clock_uncertainty": null
  },
  "derived_stats": {
    "noise_floor_db": -43.463423307945654,
    "peak_db": -6.167163571970098,
    "snr_db": 37.29625973597555,
    "duty_cycle": 0.5938375350140056,
    "n_samples": 66177984,
    "sample_rate_sps": 30000000
  },
  "quality": {
    "valid": true,
    "status": "degraded",
    "warnings": [
      "partial_capture"
    ],
    "dc_i": 1.0150370144401677e-05,
    "dc_q": 2.1420217308332212e-05,
    "rms": 0.040917609430274955,
    "crest_factor": 2.1601542065665638,
    "clip_fraction": 0.009780666666666667,
    "snr_db": 37.29625973597555
  },
  "file_references": {
    "iq_file": "/home/spear/spear-edgev1_0/data/artifacts/captures/20260106_091803_2250000000Hz_30000000sps_manual/iq/samples.iq",
    "sigmf_meta": "/home/spear/spear-edgev1_0/data/artifacts/captures/20260106_091803_2250000000Hz_30000000sps_manual/iq/samples.sigmf-meta",
    "spectrogram_npy": "/home/spear/spear-edgev1_0/data/artifacts/captures/20260106_091803_2250000000Hz_30000000sps_manual/features/spectrogram.npy",
    "psd_npy": "/home/spear/spear-edgev1_0/data/artifacts/captures/20260106_091803_2250000000Hz_30000000sps_manual/features/psd.npy",
    "stats_json": "/home/spear/spear-edgev1_0/data/artifacts/captures/20260106_091803_2250000000Hz_30000000sps_manual/features/stats.json",
    "thumbnail_png": "/home/spear/spear-edgev1_0/data/artifacts/captures/20260106_091803_2250000000Hz_30000000sps_manual/thumbnails/spectrogram.png",
    "vita49_vrt": null
  },
  "request": {
    "ts": 1767691083.5948858,
    "reason": "manual",
    "freq_hz": 2250000000.0,
    "sample_rate_sps": 30000000,
    "duration_s": 5.0,
    "rx_channel": 0,
    "scan_plan": null,
    "priority": 50,
    "source_node": null,
    "meta": {
      "bandwidth_hz": null,
      "gain_mode": "manual",
      "gain_db": 30.0,
      "classification": null
    }
  },
  "triage": {
    "signal_present": true,
    "bursty": false,
    "wideband": true,
    "occupied_bw_hz": 24082031.25,
    "likely_noise": false
  },
  "classification": {
    "label": "class_0",
    "confidence": 0.46509960293769836,
    "topk": [
      {
        "label": "class_0",
        "p": 0.46509960293769836
      },
      {
        "label": "class_4",
        "p": 0.274640291929245
      },
      {
        "label": "class_1",
        "p": 0.14278841018676758
      },
      {
        "label": "class_2",
        "p": 0.08170323073863983
      },
      {
        "label": "class_3",
        "p": 0.03576844185590744
      }
    ],
    "model": "onnx"
  },
  "spectrogram_axes": {
    "time_start_s": 0.0,
    "time_end_s": 2.2059328,
    "freq_start_hz": 2235000000,
    "freq_end_hz": 2265000000,
    "fft_size": 1024,
    "hop_size": 256
  },
  "ml_features": {
    "spectrogram_shape": [
      512,
      512
    ],
    "dtype": "float32",
    "normalized": "noise_floor"
  }
}