{
  "schema": "spear.edge.capture.v2",
  "version": "2.0",
  "request_provenance": {
    "reason": "manual",
    "source_node": null,
    "scan_plan": null,
    "priority": 50,
    "original_timestamp": 1767693179.7802596
  },
  "rf_configuration": {
    "center_freq_hz": 2250000000,
    "sample_rate_sps": 30000000,
    "rx_channel": 0,
    "bandwidth_hz": null,
    "gain_mode": "manual",
    "gain_db": 30.0,
    "sdr_driver": "bladerf",
    "sdr_serial": "f8d6fab6d4204ad496cc56cf185ec845",
    "sdr_label": null
  },
  "timing": {
    "system_time": 1767693242.4668803,
    "capture_timestamp": 1767693179.7802596,
    "duration_s": 1.4620938666666667,
    "n_samples": 43862816,
    "gps_time": null,
    "clock_uncertainty": null
  },
  "derived_stats": {
    "noise_floor_db": -41.947579435869564,
    "peak_db": -6.023937222232176,
    "snr_db": 35.923642213637386,
    "duty_cycle": 0.6274509803921569,
    "n_samples": 43862816,
    "sample_rate_sps": 30000000
  },
  "quality": {
    "valid": true,
    "status": "degraded",
    "warnings": [
      "partial_capture"
    ],
    "dc_i": -1.305918431171449e-06,
    "dc_q": 2.576709994173143e-05,
    "rms": 0.039175452018291985,
    "crest_factor": 2.256217645991408,
    "clip_fraction": 0.009917333333333334,
    "snr_db": 35.923642213637386
  },
  "file_references": {
    "iq_file": "/home/spear/spear-edgev1_0/data/artifacts/captures/20260106_095259_2250000000Hz_30000000sps_manual/iq/samples.iq",
    "sigmf_meta": "/home/spear/spear-edgev1_0/data/artifacts/captures/20260106_095259_2250000000Hz_30000000sps_manual/iq/samples.sigmf-meta",
    "spectrogram_npy": "/home/spear/spear-edgev1_0/data/artifacts/captures/20260106_095259_2250000000Hz_30000000sps_manual/features/spectrogram.npy",
    "psd_npy": "/home/spear/spear-edgev1_0/data/artifacts/captures/20260106_095259_2250000000Hz_30000000sps_manual/features/psd.npy",
    "stats_json": "/home/spear/spear-edgev1_0/data/artifacts/captures/20260106_095259_2250000000Hz_30000000sps_manual/features/stats.json",
    "thumbnail_png": "/home/spear/spear-edgev1_0/data/artifacts/captures/20260106_095259_2250000000Hz_30000000sps_manual/thumbnails/spectrogram.png",
    "vita49_vrt": null
  },
  "request": {
    "ts": 1767693179.7802596,
    "reason": "manual",
    "freq_hz": 2250000000.0,
    "sample_rate_sps": 30000000,
    "duration_s": 5.0,
    "rx_channel": 0,
    "scan_plan": null,
    "priority": 50,
    "source_node": null,
    "meta": {
      "bandwidth_hz": null,
      "gain_mode": "manual",
      "gain_db": 30.0,
      "classification": null
    }
  },
  "triage": {
    "signal_present": true,
    "bursty": false,
    "wideband": true,
    "occupied_bw_hz": 28359375.0,
    "likely_noise": false
  },
  "classification": {
    "label": "class_3",
    "confidence": 0.3591759502887726,
    "topk": [
      {
        "label": "class_3",
        "p": 0.3591759502887726
      },
      {
        "label": "class_0",
        "p": 0.3465353846549988
      },
      {
        "label": "class_4",
        "p": 0.22032210230827332
      },
      {
        "label": "class_2",
        "p": 0.06354240328073502
      },
      {
        "label": "class_1",
        "p": 0.010424166917800903
      }
    ],
    "model": "onnx"
  },
  "spectrogram_axes": {
    "time_start_s": 0.0,
    "time_end_s": 1.4620938666666667,
    "freq_start_hz": 2235000000,
    "freq_end_hz": 2265000000,
    "fft_size": 1024,
    "hop_size": 256
  },
  "ml_features": {
    "spectrogram_shape": [
      512,
      512
    ],
    "dtype": "float32",
    "normalized": "noise_floor"
  }
}